id,message,intent,risk_level,care_gaps,recommended_action,requires_human_review,rationale
MSG_0139,My thyroid levels are off according to my results but I haven't heard from my doctor.,lab_results,medium,"[""lab_followup"", ""care_coordination""]",Care manager review within 24h,False,Intent: lab results. Risk: medium.
MSG_0057,I've had a mild headache for two days. Could it be related to my blood pressure?,symptom_escalation,low,"[""symptom_monitoring"", ""urgent_followup""]",Schedule routine follow-up,False,Intent: symptom escalation. Risk: low.
MSG_0058,I have a slight cough that started when I began my new medication.,symptom_escalation,low,"[""symptom_monitoring"", ""urgent_followup""]",Schedule routine follow-up,False,Intent: symptom escalation. Risk: low.
MSG_0143,My potassium level came back low and I haven't heard from anyone about what to do.,lab_results,medium,"[""lab_followup"", ""care_coordination""]",Care manager review within 24h,False,Intent: lab results. Risk: medium.
MSG_0074,My blood sugar has been over 300 for two days and I feel very thirsty and tired.,symptom_escalation,high,"[""symptom_monitoring"", ""urgent_followup""]",Immediate care manager call + provider alert,True,Intent: symptom escalation. Risk: high.
MSG_0100,Can I do my next check-in by phone instead of coming in?,appointment_admin,low,"[""appointment_scheduling""]",Scheduling team handles,False,Intent: appointment admin. Risk: low.
MSG_0147,I got a flagged result for high potassium and no one has called me. I take a potassium-sparing diuretic.,lab_results,high,"[""lab_followup"", ""care_coordination""]",Same-day provider notification,True,Intent: lab results. Risk: high.
MSG_0240,I've been having thoughts of suicide. My health problems are too much to handle.,crisis,urgent,"[""mental_health_referral"", ""safety_assessment""]",Crisis line + immediate provider alert,True,Intent: crisis. Risk: urgent.
MSG_0084,My heart has been racing and I've been dizzy since yesterday afternoon.,symptom_escalation,high,"[""symptom_monitoring"", ""urgent_followup""]",Immediate care manager call + provider alert,True,Intent: symptom escalation. Risk: high.
MSG_0002,Can I take my metformin with food or does it need to be on an empty stomach?,medication_question,low,"[""medication_adherence""]",Send patient education message,False,Intent: medication question. Risk: low.
MSG_0206,I'm really struggling mentally. Managing all these medications is overwhelming and I feel hopeless.,crisis,medium,"[""mental_health_referral"", ""safety_assessment""]",Immediate care manager outreach,True,Intent: crisis. Risk: medium.
MSG_0229,I don't want to be here anymore. I've been thinking about hurting myself.,crisis,urgent,"[""mental_health_referral"", ""safety_assessment""]",Crisis line + immediate provider alert,True,Intent: crisis. Risk: urgent.
MSG_0201,I have end-stage kidney disease and I missed my last two dialysis sessions.,care_gap,high,"[""medication_gap"", ""preventive_care"", ""specialist_referral""]",Same-day care manager call,True,Intent: care gap. Risk: high.
MSG_0152,I got a flagged result for high potassium and no one has called me. I take a potassium-sparing diuretic.,lab_results,high,"[""lab_followup"", ""care_coordination""]",Same-day provider notification,True,Intent: lab results. Risk: high.
MSG_0132,I got a notification my lab results are ready but I can't figure out how to view them.,lab_results,low,"[""lab_followup"", ""care_coordination""]",Send results summary message,False,Intent: lab results. Risk: low.
MSG_0238,I don't want to be here anymore. I've been thinking about hurting myself.,crisis,urgent,"[""mental_health_referral"", ""safety_assessment""]",Crisis line + immediate provider alert,True,Intent: crisis. Risk: urgent.
MSG_0180,I know I'm due for a foot exam but I haven't scheduled one yet.,care_gap,low,"[""medication_gap"", ""preventive_care"", ""specialist_referral""]",Add to care gap closure queue,False,Intent: care gap. Risk: low.
MSG_0234,I've been having thoughts of suicide. My health problems are too much to handle.,crisis,urgent,"[""mental_health_referral"", ""safety_assessment""]",Crisis line + immediate provider alert,True,Intent: crisis. Risk: urgent.
MSG_0016,My doctor changed my blood pressure medication but I'm not sure I'm taking the right dose.,medication_question,medium,"[""medication_adherence""]",Care manager outreach within 24h,False,Intent: medication question. Risk: medium.
MSG_0017,I ran out of my insulin refill and the pharmacy says it'll be 3 days. What do I do?,medication_question,medium,"[""medication_adherence""]",Care manager outreach within 24h,False,Intent: medication question. Risk: medium.
MSG_0031,I've been feeling dizzy and I think it might be from my new medication. Should I stop taking it?,medication_question,high,"[""medication_adherence""]",Same-day care manager call,True,Intent: medication question. Risk: high.
MSG_0221,I haven't been taking care of myself at all. I don't really care what happens to me anymore.,crisis,high,"[""mental_health_referral"", ""safety_assessment""]",Same-day mental health referral,True,Intent: crisis. Risk: high.
MSG_0205,I'm really struggling mentally. Managing all these medications is overwhelming and I feel hopeless.,crisis,medium,"[""mental_health_referral"", ""safety_assessment""]",Immediate care manager outreach,True,Intent: crisis. Risk: medium.
MSG_0224,I haven't been taking care of myself at all. I don't really care what happens to me anymore.,crisis,high,"[""mental_health_referral"", ""safety_assessment""]",Same-day mental health referral,True,Intent: crisis. Risk: high.
MSG_0141,My potassium level came back low and I haven't heard from anyone about what to do.,lab_results,medium,"[""lab_followup"", ""care_coordination""]",Care manager review within 24h,False,Intent: lab results. Risk: medium.
MSG_0122,What does it mean that my LDL is 112?,lab_results,low,"[""lab_followup"", ""care_coordination""]",Send results summary message,False,Intent: lab results. Risk: low.
MSG_0051,My ankles have been slightly swollen this week. Is this normal with my medication?,symptom_escalation,low,"[""symptom_monitoring"", ""urgent_followup""]",Schedule routine follow-up,False,Intent: symptom escalation. Risk: low.
MSG_0116,I missed my last two appointments due to transportation issues. Can someone help me reschedule?,appointment_admin,medium,"[""appointment_scheduling""]",Care manager coordinates appointment,False,Intent: appointment admin. Risk: medium.
MSG_0115,I missed my last two appointments due to transportation issues. Can someone help me reschedule?,appointment_admin,medium,"[""appointment_scheduling""]",Care manager coordinates appointment,False,Intent: appointment admin. Risk: medium.
MSG_0191,I've missed the last three months of medication refills for my diabetes. I ran out.,care_gap,medium,"[""medication_gap"", ""preventive_care"", ""specialist_referral""]",Care manager outreach within 24h,False,Intent: care gap. Risk: medium.
MSG_0129,My eGFR was 68 — my doctor mentioned it but didn't explain what it means.,lab_results,low,"[""lab_followup"", ""care_coordination""]",Send results summary message,False,Intent: lab results. Risk: low.
MSG_0044,I took too many of my heart pills by accident. I'm not sure how many.,medication_question,urgent,"[""medication_adherence""]",Immediate clinical escalation,True,Intent: medication question. Risk: urgent.
MSG_0197,I have end-stage kidney disease and I missed my last two dialysis sessions.,care_gap,high,"[""medication_gap"", ""preventive_care"", ""specialist_referral""]",Same-day care manager call,True,Intent: care gap. Risk: high.
MSG_0220,I feel like giving up on my medications. There's no point. Nothing is getting better.,crisis,high,"[""mental_health_referral"", ""safety_assessment""]",Same-day mental health referral,True,Intent: crisis. Risk: high.
MSG_0128,My eGFR was 68 — my doctor mentioned it but didn't explain what it means.,lab_results,low,"[""lab_followup"", ""care_coordination""]",Send results summary message,False,Intent: lab results. Risk: low.
MSG_0182,I haven't seen a specialist in over a year even though my doctor referred me.,care_gap,medium,"[""medication_gap"", ""preventive_care"", ""specialist_referral""]",Care manager outreach within 24h,False,Intent: care gap. Risk: medium.
MSG_0037,I think I'm having a reaction to my new medication. My throat feels tight.,medication_question,urgent,"[""medication_adherence""]",Immediate clinical escalation,True,Intent: medication question. Risk: urgent.
MSG_0165,My glucose was 512 on my lab work and I feel terrible. No one has called me.,lab_results,urgent,"[""lab_followup"", ""care_coordination""]",Immediate clinical escalation,True,Intent: lab results. Risk: urgent.
MSG_0123,My eGFR was 68 — my doctor mentioned it but didn't explain what it means.,lab_results,low,"[""lab_followup"", ""care_coordination""]",Send results summary message,False,Intent: lab results. Risk: low.
MSG_0048,I took too many of my heart pills by accident. I'm not sure how many.,medication_question,urgent,"[""medication_adherence""]",Immediate clinical escalation,True,Intent: medication question. Risk: urgent.
MSG_0013,I've been forgetting to take my blood pressure medication for the past week. What should I do?,medication_question,medium,"[""medication_adherence""]",Care manager outreach within 24h,False,Intent: medication question. Risk: medium.
MSG_0093,I feel like I might pass out. My heart is pounding and I'm sweating a lot.,symptom_escalation,urgent,"[""symptom_monitoring"", ""urgent_followup""]",Call 911 / direct to ED,True,Intent: symptom escalation. Risk: urgent.
MSG_0151,I got a flagged result for high potassium and no one has called me. I take a potassium-sparing diuretic.,lab_results,high,"[""lab_followup"", ""care_coordination""]",Same-day provider notification,True,Intent: lab results. Risk: high.
MSG_0213,I'm really struggling mentally. Managing all these medications is overwhelming and I feel hopeless.,crisis,medium,"[""mental_health_referral"", ""safety_assessment""]",Immediate care manager outreach,True,Intent: crisis. Risk: medium.
MSG_0080,My blood sugar has been over 300 for two days and I feel very thirsty and tired.,symptom_escalation,high,"[""symptom_monitoring"", ""urgent_followup""]",Immediate care manager call + provider alert,True,Intent: symptom escalation. Risk: high.
MSG_0212,I've been so stressed about my diagnosis that I haven't been sleeping or eating well.,crisis,medium,"[""mental_health_referral"", ""safety_assessment""]",Immediate care manager outreach,True,Intent: crisis. Risk: medium.
MSG_0072,My blood pressure has been reading 155/95 consistently at home.,symptom_escalation,medium,"[""symptom_monitoring"", ""urgent_followup""]",Care manager outreach within 4h,False,Intent: symptom escalation. Risk: medium.
MSG_0137,No one called me after my lab results came in last week. My A1C was 8.2.,lab_results,medium,"[""lab_followup"", ""care_coordination""]",Care manager review within 24h,False,Intent: lab results. Risk: medium.
MSG_0211,I'm really struggling mentally. Managing all these medications is overwhelming and I feel hopeless.,crisis,medium,"[""mental_health_referral"", ""safety_assessment""]",Immediate care manager outreach,True,Intent: crisis. Risk: medium.
MSG_0178,I know I'm due for a foot exam but I haven't scheduled one yet.,care_gap,low,"[""medication_gap"", ""preventive_care"", ""specialist_referral""]",Add to care gap closure queue,False,Intent: care gap. Risk: low.
MSG_0161,My glucose was 512 on my lab work and I feel terrible. No one has called me.,lab_results,urgent,"[""lab_followup"", ""care_coordination""]",Immediate clinical escalation,True,Intent: lab results. Risk: urgent.
MSG_0153,My lab results show my kidney function is worse. My eGFR dropped from 55 to 38.,lab_results,high,"[""lab_followup"", ""care_coordination""]",Same-day provider notification,True,Intent: lab results. Risk: high.
MSG_0047,I took too many of my heart pills by accident. I'm not sure how many.,medication_question,urgent,"[""medication_adherence""]",Immediate clinical escalation,True,Intent: medication question. Risk: urgent.
MSG_0008,Can I take my metformin with food or does it need to be on an empty stomach?,medication_question,low,"[""medication_adherence""]",Send patient education message,False,Intent: medication question. Risk: low.
MSG_0060,My ankles have been slightly swollen this week. Is this normal with my medication?,symptom_escalation,low,"[""symptom_monitoring"", ""urgent_followup""]",Schedule routine follow-up,False,Intent: symptom escalation. Risk: low.
MSG_0159,My glucose was 512 on my lab work and I feel terrible. No one has called me.,lab_results,urgent,"[""lab_followup"", ""care_coordination""]",Immediate clinical escalation,True,Intent: lab results. Risk: urgent.
MSG_0227,I haven't been taking care of myself at all. I don't really care what happens to me anymore.,crisis,high,"[""mental_health_referral"", ""safety_assessment""]",Same-day mental health referral,True,Intent: crisis. Risk: high.
MSG_0022,I stopped taking my cholesterol medication because it was making my legs hurt. Should I restart?,medication_question,medium,"[""medication_adherence""]",Care manager outreach within 24h,False,Intent: medication question. Risk: medium.
MSG_0117,I haven't been able to get an appointment with my cardiologist for 3 months. Who can help?,appointment_admin,medium,"[""appointment_scheduling""]",Care manager coordinates appointment,False,Intent: appointment admin. Risk: medium.
MSG_0098,Can I get a referral to a dietitian through the care program?,appointment_admin,low,"[""appointment_scheduling""]",Scheduling team handles,False,Intent: appointment admin. Risk: low.
MSG_0198,I've been out of my blood thinner for five days. The prior authorization was denied.,care_gap,high,"[""medication_gap"", ""preventive_care"", ""specialist_referral""]",Same-day care manager call,True,Intent: care gap. Risk: high.
MSG_0185,I've missed the last three months of medication refills for my diabetes. I ran out.,care_gap,medium,"[""medication_gap"", ""preventive_care"", ""specialist_referral""]",Care manager outreach within 24h,False,Intent: care gap. Risk: medium.
MSG_0239,I've been having thoughts of suicide. My health problems are too much to handle.,crisis,urgent,"[""mental_health_referral"", ""safety_assessment""]",Crisis line + immediate provider alert,True,Intent: crisis. Risk: urgent.
MSG_0173,I know I'm due for a foot exam but I haven't scheduled one yet.,care_gap,low,"[""medication_gap"", ""preventive_care"", ""specialist_referral""]",Add to care gap closure queue,False,Intent: care gap. Risk: low.
MSG_0164,My glucose was 512 on my lab work and I feel terrible. No one has called me.,lab_results,urgent,"[""lab_followup"", ""care_coordination""]",Immediate clinical escalation,True,Intent: lab results. Risk: urgent.
MSG_0199,I have end-stage kidney disease and I missed my last two dialysis sessions.,care_gap,high,"[""medication_gap"", ""preventive_care"", ""specialist_referral""]",Same-day care manager call,True,Intent: care gap. Risk: high.
MSG_0006,How long does it take for metformin to start working?,medication_question,low,"[""medication_adherence""]",Send patient education message,False,Intent: medication question. Risk: low.
MSG_0215,I've been so stressed about my diagnosis that I haven't been sleeping or eating well.,crisis,medium,"[""mental_health_referral"", ""safety_assessment""]",Immediate care manager outreach,True,Intent: crisis. Risk: medium.
MSG_0097,Can I do my next check-in by phone instead of coming in?,appointment_admin,low,"[""appointment_scheduling""]",Scheduling team handles,False,Intent: appointment admin. Risk: low.
MSG_0050,My ankles have been slightly swollen this week. Is this normal with my medication?,symptom_escalation,low,"[""symptom_monitoring"", ""urgent_followup""]",Schedule routine follow-up,False,Intent: symptom escalation. Risk: low.
MSG_0112,I haven't been able to get an appointment with my cardiologist for 3 months. Who can help?,appointment_admin,medium,"[""appointment_scheduling""]",Care manager coordinates appointment,False,Intent: appointment admin. Risk: medium.
MSG_0089,I'm having chest pain that spreads to my left arm. Started about an hour ago.,symptom_escalation,urgent,"[""symptom_monitoring"", ""urgent_followup""]",Call 911 / direct to ED,True,Intent: symptom escalation. Risk: urgent.
MSG_0076,My blood sugar has been over 300 for two days and I feel very thirsty and tired.,symptom_escalation,high,"[""symptom_monitoring"", ""urgent_followup""]",Immediate care manager call + provider alert,True,Intent: symptom escalation. Risk: high.
MSG_0202,I have end-stage kidney disease and I missed my last two dialysis sessions.,care_gap,high,"[""medication_gap"", ""preventive_care"", ""specialist_referral""]",Same-day care manager call,True,Intent: care gap. Risk: high.
MSG_0195,I've been out of my blood thinner for five days. The prior authorization was denied.,care_gap,high,"[""medication_gap"", ""preventive_care"", ""specialist_referral""]",Same-day care manager call,True,Intent: care gap. Risk: high.
MSG_0056,I have a slight cough that started when I began my new medication.,symptom_escalation,low,"[""symptom_monitoring"", ""urgent_followup""]",Schedule routine follow-up,False,Intent: symptom escalation. Risk: low.
MSG_0225,I feel like giving up on my medications. There's no point. Nothing is getting better.,crisis,high,"[""mental_health_referral"", ""safety_assessment""]",Same-day mental health referral,True,Intent: crisis. Risk: high.
MSG_0167,My glucose was 512 on my lab work and I feel terrible. No one has called me.,lab_results,urgent,"[""lab_followup"", ""care_coordination""]",Immediate clinical escalation,True,Intent: lab results. Risk: urgent.
MSG_0082,My blood sugar has been over 300 for two days and I feel very thirsty and tired.,symptom_escalation,high,"[""symptom_monitoring"", ""urgent_followup""]",Immediate care manager call + provider alert,True,Intent: symptom escalation. Risk: high.
MSG_0075,I'm having vision changes and headache — my blood pressure is very high today.,symptom_escalation,high,"[""symptom_monitoring"", ""urgent_followup""]",Immediate care manager call + provider alert,True,Intent: symptom escalation. Risk: high.
MSG_0023,I accidentally took double my metformin dose this morning. Is that dangerous?,medication_question,medium,"[""medication_adherence""]",Care manager outreach within 24h,False,Intent: medication question. Risk: medium.
MSG_0162,My glucose was 512 on my lab work and I feel terrible. No one has called me.,lab_results,urgent,"[""lab_followup"", ""care_coordination""]",Immediate clinical escalation,True,Intent: lab results. Risk: urgent.
MSG_0015,My doctor changed my blood pressure medication but I'm not sure I'm taking the right dose.,medication_question,medium,"[""medication_adherence""]",Care manager outreach within 24h,False,Intent: medication question. Risk: medium.
MSG_0099,Can I do my next check-in by phone instead of coming in?,appointment_admin,low,"[""appointment_scheduling""]",Scheduling team handles,False,Intent: appointment admin. Risk: low.
MSG_0217,I haven't been taking care of myself at all. I don't really care what happens to me anymore.,crisis,high,"[""mental_health_referral"", ""safety_assessment""]",Same-day mental health referral,True,Intent: crisis. Risk: high.
MSG_0069,I've had a headache every day this week and my blood pressure monitor shows high readings.,symptom_escalation,medium,"[""symptom_monitoring"", ""urgent_followup""]",Care manager outreach within 4h,False,Intent: symptom escalation. Risk: medium.
MSG_0087,My blood sugar is 42 and I've had juice but it's not coming up.,symptom_escalation,urgent,"[""symptom_monitoring"", ""urgent_followup""]",Call 911 / direct to ED,True,Intent: symptom escalation. Risk: urgent.
MSG_0096,I can't catch my breath and I feel pressure on my chest. It's been getting worse.,symptom_escalation,urgent,"[""symptom_monitoring"", ""urgent_followup""]",Call 911 / direct to ED,True,Intent: symptom escalation. Risk: urgent.
MSG_0066,I've gained about 5 pounds in the last week and I'm not sure why.,symptom_escalation,medium,"[""symptom_monitoring"", ""urgent_followup""]",Care manager outreach within 4h,False,Intent: symptom escalation. Risk: medium.
MSG_0083,I've had a severe headache for 24 hours and my blood pressure reading was 180/110.,symptom_escalation,high,"[""symptom_monitoring"", ""urgent_followup""]",Immediate care manager call + provider alert,True,Intent: symptom escalation. Risk: high.
MSG_0121,My eGFR was 68 — my doctor mentioned it but didn't explain what it means.,lab_results,low,"[""lab_followup"", ""care_coordination""]",Send results summary message,False,Intent: lab results. Risk: low.
MSG_0148,I got a flagged result for high potassium and no one has called me. I take a potassium-sparing diuretic.,lab_results,high,"[""lab_followup"", ""care_coordination""]",Same-day provider notification,True,Intent: lab results. Risk: high.
MSG_0009,My pharmacist gave me a generic version of my statin. Is that the same thing?,medication_question,low,"[""medication_adherence""]",Send patient education message,False,Intent: medication question. Risk: low.
MSG_0036,I took someone else's blood pressure medication by accident. It's a different drug than mine.,medication_question,high,"[""medication_adherence""]",Same-day care manager call,True,Intent: medication question. Risk: high.
MSG_0125,I got a notification my lab results are ready but I can't figure out how to view them.,lab_results,low,"[""lab_followup"", ""care_coordination""]",Send results summary message,False,Intent: lab results. Risk: low.
MSG_0052,My ankles have been slightly swollen this week. Is this normal with my medication?,symptom_escalation,low,"[""symptom_monitoring"", ""urgent_followup""]",Schedule routine follow-up,False,Intent: symptom escalation. Risk: low.
MSG_0025,I've been feeling dizzy and I think it might be from my new medication. Should I stop taking it?,medication_question,high,"[""medication_adherence""]",Same-day care manager call,True,Intent: medication question. Risk: high.
MSG_0085,I can't catch my breath and I feel pressure on my chest. It's been getting worse.,symptom_escalation,urgent,"[""symptom_monitoring"", ""urgent_followup""]",Call 911 / direct to ED,True,Intent: symptom escalation. Risk: urgent.
MSG_0004,Is it okay to take my blood pressure pill at night instead of the morning?,medication_question,low,"[""medication_adherence""]",Send patient education message,False,Intent: medication question. Risk: low.
MSG_0107,Can I reschedule my diabetes follow-up appointment next Tuesday?,appointment_admin,low,"[""appointment_scheduling""]",Scheduling team handles,False,Intent: appointment admin. Risk: low.
MSG_0186,I've missed the last three months of medication refills for my diabetes. I ran out.,care_gap,medium,"[""medication_gap"", ""preventive_care"", ""specialist_referral""]",Care manager outreach within 24h,False,Intent: care gap. Risk: medium.
MSG_0236,I don't want to be here anymore. I've been thinking about hurting myself.,crisis,urgent,"[""mental_health_referral"", ""safety_assessment""]",Crisis line + immediate provider alert,True,Intent: crisis. Risk: urgent.
MSG_0045,I took too many of my heart pills by accident. I'm not sure how many.,medication_question,urgent,"[""medication_adherence""]",Immediate clinical escalation,True,Intent: medication question. Risk: urgent.
MSG_0059,I've had a mild headache for two days. Could it be related to my blood pressure?,symptom_escalation,low,"[""symptom_monitoring"", ""urgent_followup""]",Schedule routine follow-up,False,Intent: symptom escalation. Risk: low.
MSG_0135,No one called me after my lab results came in last week. My A1C was 8.2.,lab_results,medium,"[""lab_followup"", ""care_coordination""]",Care manager review within 24h,False,Intent: lab results. Risk: medium.
MSG_0214,I'm really struggling mentally. Managing all these medications is overwhelming and I feel hopeless.,crisis,medium,"[""mental_health_referral"", ""safety_assessment""]",Immediate care manager outreach,True,Intent: crisis. Risk: medium.
MSG_0154,I got a flagged result for high potassium and no one has called me. I take a potassium-sparing diuretic.,lab_results,high,"[""lab_followup"", ""care_coordination""]",Same-day provider notification,True,Intent: lab results. Risk: high.
MSG_0133,My thyroid levels are off according to my results but I haven't heard from my doctor.,lab_results,medium,"[""lab_followup"", ""care_coordination""]",Care manager review within 24h,False,Intent: lab results. Risk: medium.
MSG_0005,How long does it take for metformin to start working?,medication_question,low,"[""medication_adherence""]",Send patient education message,False,Intent: medication question. Risk: low.
MSG_0049,I have a slight cough that started when I began my new medication.,symptom_escalation,low,"[""symptom_monitoring"", ""urgent_followup""]",Schedule routine follow-up,False,Intent: symptom escalation. Risk: low.
MSG_0190,I've missed the last three months of medication refills for my diabetes. I ran out.,care_gap,medium,"[""medication_gap"", ""preventive_care"", ""specialist_referral""]",Care manager outreach within 24h,False,Intent: care gap. Risk: medium.
MSG_0207,I'm really struggling mentally. Managing all these medications is overwhelming and I feel hopeless.,crisis,medium,"[""mental_health_referral"", ""safety_assessment""]",Immediate care manager outreach,True,Intent: crisis. Risk: medium.
MSG_0124,What does it mean that my LDL is 112?,lab_results,low,"[""lab_followup"", ""care_coordination""]",Send results summary message,False,Intent: lab results. Risk: low.
MSG_0021,I stopped taking my cholesterol medication because it was making my legs hurt. Should I restart?,medication_question,medium,"[""medication_adherence""]",Care manager outreach within 24h,False,Intent: medication question. Risk: medium.
MSG_0188,My pharmacy says my refill was denied and I'm almost out of my blood pressure medication.,care_gap,medium,"[""medication_gap"", ""preventive_care"", ""specialist_referral""]",Care manager outreach within 24h,False,Intent: care gap. Risk: medium.
MSG_0032,I took someone else's blood pressure medication by accident. It's a different drug than mine.,medication_question,high,"[""medication_adherence""]",Same-day care manager call,True,Intent: medication question. Risk: high.
MSG_0104,Can I get a referral to a dietitian through the care program?,appointment_admin,low,"[""appointment_scheduling""]",Scheduling team handles,False,Intent: appointment admin. Risk: low.
MSG_0127,I got a notification my lab results are ready but I can't figure out how to view them.,lab_results,low,"[""lab_followup"", ""care_coordination""]",Send results summary message,False,Intent: lab results. Risk: low.
MSG_0146,My lab results show my kidney function is worse. My eGFR dropped from 55 to 38.,lab_results,high,"[""lab_followup"", ""care_coordination""]",Same-day provider notification,True,Intent: lab results. Risk: high.
MSG_0196,I have end-stage kidney disease and I missed my last two dialysis sessions.,care_gap,high,"[""medication_gap"", ""preventive_care"", ""specialist_referral""]",Same-day care manager call,True,Intent: care gap. Risk: high.
MSG_0103,How do I get a copy of my medical records?,appointment_admin,low,"[""appointment_scheduling""]",Scheduling team handles,False,Intent: appointment admin. Risk: low.
MSG_0177,I haven't had an eye exam in two years. Is that something the program can help with?,care_gap,low,"[""medication_gap"", ""preventive_care"", ""specialist_referral""]",Add to care gap closure queue,False,Intent: care gap. Risk: low.
MSG_0120,I haven't been able to get an appointment with my cardiologist for 3 months. Who can help?,appointment_admin,medium,"[""appointment_scheduling""]",Care manager coordinates appointment,False,Intent: appointment admin. Risk: medium.
MSG_0101,Can I reschedule my diabetes follow-up appointment next Tuesday?,appointment_admin,low,"[""appointment_scheduling""]",Scheduling team handles,False,Intent: appointment admin. Risk: low.
MSG_0043,I took too many of my heart pills by accident. I'm not sure how many.,medication_question,urgent,"[""medication_adherence""]",Immediate clinical escalation,True,Intent: medication question. Risk: urgent.
MSG_0119,My doctor retired and I haven't been assigned a new one yet. I need a refill.,appointment_admin,medium,"[""appointment_scheduling""]",Care manager coordinates appointment,False,Intent: appointment admin. Risk: medium.
MSG_0149,My lab results show my kidney function is worse. My eGFR dropped from 55 to 38.,lab_results,high,"[""lab_followup"", ""care_coordination""]",Same-day provider notification,True,Intent: lab results. Risk: high.
MSG_0131,My A1C result came back as 6.9. Is that good or bad?,lab_results,low,"[""lab_followup"", ""care_coordination""]",Send results summary message,False,Intent: lab results. Risk: low.
MSG_0007,Is it safe to drink alcohol occasionally while on my diabetes medication?,medication_question,low,"[""medication_adherence""]",Send patient education message,False,Intent: medication question. Risk: low.
MSG_0106,How do I get a copy of my medical records?,appointment_admin,low,"[""appointment_scheduling""]",Scheduling team handles,False,Intent: appointment admin. Risk: low.
MSG_0046,I took too many of my heart pills by accident. I'm not sure how many.,medication_question,urgent,"[""medication_adherence""]",Immediate clinical escalation,True,Intent: medication question. Risk: urgent.
MSG_0216,I've been so stressed about my diagnosis that I haven't been sleeping or eating well.,crisis,medium,"[""mental_health_referral"", ""safety_assessment""]",Immediate care manager outreach,True,Intent: crisis. Risk: medium.
MSG_0061,My blood pressure has been reading 155/95 consistently at home.,symptom_escalation,medium,"[""symptom_monitoring"", ""urgent_followup""]",Care manager outreach within 4h,False,Intent: symptom escalation. Risk: medium.
MSG_0183,I was supposed to start physical therapy but nobody followed up with authorization.,care_gap,medium,"[""medication_gap"", ""preventive_care"", ""specialist_referral""]",Care manager outreach within 24h,False,Intent: care gap. Risk: medium.
MSG_0105,What do I need to bring to my next appointment?,appointment_admin,low,"[""appointment_scheduling""]",Scheduling team handles,False,Intent: appointment admin. Risk: low.
MSG_0091,I'm having chest pain that spreads to my left arm. Started about an hour ago.,symptom_escalation,urgent,"[""symptom_monitoring"", ""urgent_followup""]",Call 911 / direct to ED,True,Intent: symptom escalation. Risk: urgent.
MSG_0189,My pharmacy says my refill was denied and I'm almost out of my blood pressure medication.,care_gap,medium,"[""medication_gap"", ""preventive_care"", ""specialist_referral""]",Care manager outreach within 24h,False,Intent: care gap. Risk: medium.
MSG_0064,I've gained about 5 pounds in the last week and I'm not sure why.,symptom_escalation,medium,"[""symptom_monitoring"", ""urgent_followup""]",Care manager outreach within 4h,False,Intent: symptom escalation. Risk: medium.
MSG_0179,I know I'm due for a foot exam but I haven't scheduled one yet.,care_gap,low,"[""medication_gap"", ""preventive_care"", ""specialist_referral""]",Add to care gap closure queue,False,Intent: care gap. Risk: low.
MSG_0092,I feel like I might pass out. My heart is pounding and I'm sweating a lot.,symptom_escalation,urgent,"[""symptom_monitoring"", ""urgent_followup""]",Call 911 / direct to ED,True,Intent: symptom escalation. Risk: urgent.
MSG_0156,My lab results show my kidney function is worse. My eGFR dropped from 55 to 38.,lab_results,high,"[""lab_followup"", ""care_coordination""]",Same-day provider notification,True,Intent: lab results. Risk: high.
MSG_0094,I'm having trouble speaking and my face feels numb on one side.,symptom_escalation,urgent,"[""symptom_monitoring"", ""urgent_followup""]",Call 911 / direct to ED,True,Intent: symptom escalation. Risk: urgent.
MSG_0079,My blood sugar has been over 300 for two days and I feel very thirsty and tired.,symptom_escalation,high,"[""symptom_monitoring"", ""urgent_followup""]",Immediate care manager call + provider alert,True,Intent: symptom escalation. Risk: high.
MSG_0011,Is it okay to take my blood pressure pill at night instead of the morning?,medication_question,low,"[""medication_adherence""]",Send patient education message,False,Intent: medication question. Risk: low.
MSG_0033,I took someone else's blood pressure medication by accident. It's a different drug than mine.,medication_question,high,"[""medication_adherence""]",Same-day care manager call,True,Intent: medication question. Risk: high.
MSG_0111,I missed my last two appointments due to transportation issues. Can someone help me reschedule?,appointment_admin,medium,"[""appointment_scheduling""]",Care manager coordinates appointment,False,Intent: appointment admin. Risk: medium.
MSG_0038,I think I'm having a reaction to my new medication. My throat feels tight.,medication_question,urgent,"[""medication_adherence""]",Immediate clinical escalation,True,Intent: medication question. Risk: urgent.
MSG_0158,My glucose was 512 on my lab work and I feel terrible. No one has called me.,lab_results,urgent,"[""lab_followup"", ""care_coordination""]",Immediate clinical escalation,True,Intent: lab results. Risk: urgent.
MSG_0204,I've been out of my blood thinner for five days. The prior authorization was denied.,care_gap,high,"[""medication_gap"", ""preventive_care"", ""specialist_referral""]",Same-day care manager call,True,Intent: care gap. Risk: high.
MSG_0010,Can I take my metformin with food or does it need to be on an empty stomach?,medication_question,low,"[""medication_adherence""]",Send patient education message,False,Intent: medication question. Risk: low.
MSG_0200,I have end-stage kidney disease and I missed my last two dialysis sessions.,care_gap,high,"[""medication_gap"", ""preventive_care"", ""specialist_referral""]",Same-day care manager call,True,Intent: care gap. Risk: high.
MSG_0039,I think I'm having a reaction to my new medication. My throat feels tight.,medication_question,urgent,"[""medication_adherence""]",Immediate clinical escalation,True,Intent: medication question. Risk: urgent.
MSG_0020,I've been forgetting to take my blood pressure medication for the past week. What should I do?,medication_question,medium,"[""medication_adherence""]",Care manager outreach within 24h,False,Intent: medication question. Risk: medium.
MSG_0029,I've been feeling dizzy and I think it might be from my new medication. Should I stop taking it?,medication_question,high,"[""medication_adherence""]",Same-day care manager call,True,Intent: medication question. Risk: high.
MSG_0194,I have end-stage kidney disease and I missed my last two dialysis sessions.,care_gap,high,"[""medication_gap"", ""preventive_care"", ""specialist_referral""]",Same-day care manager call,True,Intent: care gap. Risk: high.
MSG_0144,My thyroid levels are off according to my results but I haven't heard from my doctor.,lab_results,medium,"[""lab_followup"", ""care_coordination""]",Care manager review within 24h,False,Intent: lab results. Risk: medium.
MSG_0110,I missed my last two appointments due to transportation issues. Can someone help me reschedule?,appointment_admin,medium,"[""appointment_scheduling""]",Care manager coordinates appointment,False,Intent: appointment admin. Risk: medium.
MSG_0231,I don't want to be here anymore. I've been thinking about hurting myself.,crisis,urgent,"[""mental_health_referral"", ""safety_assessment""]",Crisis line + immediate provider alert,True,Intent: crisis. Risk: urgent.
MSG_0114,I haven't been able to get an appointment with my cardiologist for 3 months. Who can help?,appointment_admin,medium,"[""appointment_scheduling""]",Care manager coordinates appointment,False,Intent: appointment admin. Risk: medium.
MSG_0042,I took too many of my heart pills by accident. I'm not sure how many.,medication_question,urgent,"[""medication_adherence""]",Immediate clinical escalation,True,Intent: medication question. Risk: urgent.
MSG_0174,I haven't done my annual blood work yet this year.,care_gap,low,"[""medication_gap"", ""preventive_care"", ""specialist_referral""]",Add to care gap closure queue,False,Intent: care gap. Risk: low.
MSG_0208,I'm really struggling mentally. Managing all these medications is overwhelming and I feel hopeless.,crisis,medium,"[""mental_health_referral"", ""safety_assessment""]",Immediate care manager outreach,True,Intent: crisis. Risk: medium.
MSG_0086,I can't catch my breath and I feel pressure on my chest. It's been getting worse.,symptom_escalation,urgent,"[""symptom_monitoring"", ""urgent_followup""]",Call 911 / direct to ED,True,Intent: symptom escalation. Risk: urgent.
MSG_0001,How long does it take for metformin to start working?,medication_question,low,"[""medication_adherence""]",Send patient education message,False,Intent: medication question. Risk: low.
MSG_0012,Can I take ibuprofen while I'm on my blood thinner?,medication_question,low,"[""medication_adherence""]",Send patient education message,False,Intent: medication question. Risk: low.
MSG_0071,I've had a headache every day this week and my blood pressure monitor shows high readings.,symptom_escalation,medium,"[""symptom_monitoring"", ""urgent_followup""]",Care manager outreach within 4h,False,Intent: symptom escalation. Risk: medium.
MSG_0109,My doctor retired and I haven't been assigned a new one yet. I need a refill.,appointment_admin,medium,"[""appointment_scheduling""]",Care manager coordinates appointment,False,Intent: appointment admin. Risk: medium.
MSG_0175,I haven't done my annual blood work yet this year.,care_gap,low,"[""medication_gap"", ""preventive_care"", ""specialist_referral""]",Add to care gap closure queue,False,Intent: care gap. Risk: low.
MSG_0024,I've been forgetting to take my blood pressure medication for the past week. What should I do?,medication_question,medium,"[""medication_adherence""]",Care manager outreach within 24h,False,Intent: medication question. Risk: medium.
MSG_0014,I ran out of my insulin refill and the pharmacy says it'll be 3 days. What do I do?,medication_question,medium,"[""medication_adherence""]",Care manager outreach within 24h,False,Intent: medication question. Risk: medium.
MSG_0065,My blood pressure has been reading 155/95 consistently at home.,symptom_escalation,medium,"[""symptom_monitoring"", ""urgent_followup""]",Care manager outreach within 4h,False,Intent: symptom escalation. Risk: medium.
MSG_0126,My A1C result came back as 6.9. Is that good or bad?,lab_results,low,"[""lab_followup"", ""care_coordination""]",Send results summary message,False,Intent: lab results. Risk: low.
MSG_0210,I've been so stressed about my diagnosis that I haven't been sleeping or eating well.,crisis,medium,"[""mental_health_referral"", ""safety_assessment""]",Immediate care manager outreach,True,Intent: crisis. Risk: medium.
MSG_0187,I was supposed to start physical therapy but nobody followed up with authorization.,care_gap,medium,"[""medication_gap"", ""preventive_care"", ""specialist_referral""]",Care manager outreach within 24h,False,Intent: care gap. Risk: medium.
MSG_0163,My glucose was 512 on my lab work and I feel terrible. No one has called me.,lab_results,urgent,"[""lab_followup"", ""care_coordination""]",Immediate clinical escalation,True,Intent: lab results. Risk: urgent.
MSG_0176,I haven't had an eye exam in two years. Is that something the program can help with?,care_gap,low,"[""medication_gap"", ""preventive_care"", ""specialist_referral""]",Add to care gap closure queue,False,Intent: care gap. Risk: low.
MSG_0233,I've been having thoughts of suicide. My health problems are too much to handle.,crisis,urgent,"[""mental_health_referral"", ""safety_assessment""]",Crisis line + immediate provider alert,True,Intent: crisis. Risk: urgent.
MSG_0088,I'm having trouble speaking and my face feels numb on one side.,symptom_escalation,urgent,"[""symptom_monitoring"", ""urgent_followup""]",Call 911 / direct to ED,True,Intent: symptom escalation. Risk: urgent.
MSG_0054,I've been feeling a little lightheaded when I stand up quickly.,symptom_escalation,low,"[""symptom_monitoring"", ""urgent_followup""]",Schedule routine follow-up,False,Intent: symptom escalation. Risk: low.
MSG_0155,My lab results show my kidney function is worse. My eGFR dropped from 55 to 38.,lab_results,high,"[""lab_followup"", ""care_coordination""]",Same-day provider notification,True,Intent: lab results. Risk: high.
MSG_0203,I have end-stage kidney disease and I missed my last two dialysis sessions.,care_gap,high,"[""medication_gap"", ""preventive_care"", ""specialist_referral""]",Same-day care manager call,True,Intent: care gap. Risk: high.
MSG_0070,I've had a headache every day this week and my blood pressure monitor shows high readings.,symptom_escalation,medium,"[""symptom_monitoring"", ""urgent_followup""]",Care manager outreach within 4h,False,Intent: symptom escalation. Risk: medium.
MSG_0040,I think I'm having a reaction to my new medication. My throat feels tight.,medication_question,urgent,"[""medication_adherence""]",Immediate clinical escalation,True,Intent: medication question. Risk: urgent.
MSG_0192,I've missed the last three months of medication refills for my diabetes. I ran out.,care_gap,medium,"[""medication_gap"", ""preventive_care"", ""specialist_referral""]",Care manager outreach within 24h,False,Intent: care gap. Risk: medium.
MSG_0028,I forgot to take my blood pressure medicine for two days. Should I double the dose?,medication_question,high,"[""medication_adherence""]",Same-day care manager call,True,Intent: medication question. Risk: high.
MSG_0030,I took someone else's blood pressure medication by accident. It's a different drug than mine.,medication_question,high,"[""medication_adherence""]",Same-day care manager call,True,Intent: medication question. Risk: high.
MSG_0209,I'm really struggling mentally. Managing all these medications is overwhelming and I feel hopeless.,crisis,medium,"[""mental_health_referral"", ""safety_assessment""]",Immediate care manager outreach,True,Intent: crisis. Risk: medium.
MSG_0035,I've been skipping my insulin because I can't afford the copay. My sugars have been really high.,medication_question,high,"[""medication_adherence""]",Same-day care manager call,True,Intent: medication question. Risk: high.
MSG_0027,I forgot to take my blood pressure medicine for two days. Should I double the dose?,medication_question,high,"[""medication_adherence""]",Same-day care manager call,True,Intent: medication question. Risk: high.
MSG_0170,I haven't had an eye exam in two years. Is that something the program can help with?,care_gap,low,"[""medication_gap"", ""preventive_care"", ""specialist_referral""]",Add to care gap closure queue,False,Intent: care gap. Risk: low.
MSG_0223,I haven't been taking care of myself at all. I don't really care what happens to me anymore.,crisis,high,"[""mental_health_referral"", ""safety_assessment""]",Same-day mental health referral,True,Intent: crisis. Risk: high.
MSG_0142,My creatinine has been trending up over the last three tests. Should I be worried?,lab_results,medium,"[""lab_followup"", ""care_coordination""]",Care manager review within 24h,False,Intent: lab results. Risk: medium.
MSG_0171,I haven't done my annual blood work yet this year.,care_gap,low,"[""medication_gap"", ""preventive_care"", ""specialist_referral""]",Add to care gap closure queue,False,Intent: care gap. Risk: low.
MSG_0218,I haven't been taking care of myself at all. I don't really care what happens to me anymore.,crisis,high,"[""mental_health_referral"", ""safety_assessment""]",Same-day mental health referral,True,Intent: crisis. Risk: high.
MSG_0136,My potassium level came back low and I haven't heard from anyone about what to do.,lab_results,medium,"[""lab_followup"", ""care_coordination""]",Care manager review within 24h,False,Intent: lab results. Risk: medium.
MSG_0168,My glucose was 512 on my lab work and I feel terrible. No one has called me.,lab_results,urgent,"[""lab_followup"", ""care_coordination""]",Immediate clinical escalation,True,Intent: lab results. Risk: urgent.
MSG_0157,My glucose was 512 on my lab work and I feel terrible. No one has called me.,lab_results,urgent,"[""lab_followup"", ""care_coordination""]",Immediate clinical escalation,True,Intent: lab results. Risk: urgent.
MSG_0078,I've had a severe headache for 24 hours and my blood pressure reading was 180/110.,symptom_escalation,high,"[""symptom_monitoring"", ""urgent_followup""]",Immediate care manager call + provider alert,True,Intent: symptom escalation. Risk: high.
MSG_0181,I haven't seen a specialist in over a year even though my doctor referred me.,care_gap,medium,"[""medication_gap"", ""preventive_care"", ""specialist_referral""]",Care manager outreach within 24h,False,Intent: care gap. Risk: medium.
MSG_0140,No one called me after my lab results came in last week. My A1C was 8.2.,lab_results,medium,"[""lab_followup"", ""care_coordination""]",Care manager review within 24h,False,Intent: lab results. Risk: medium.
MSG_0113,My doctor retired and I haven't been assigned a new one yet. I need a refill.,appointment_admin,medium,"[""appointment_scheduling""]",Care manager coordinates appointment,False,Intent: appointment admin. Risk: medium.
MSG_0041,I think I'm having a reaction to my new medication. My throat feels tight.,medication_question,urgent,"[""medication_adherence""]",Immediate clinical escalation,True,Intent: medication question. Risk: urgent.
MSG_0073,My heart has been racing and I've been dizzy since yesterday afternoon.,symptom_escalation,high,"[""symptom_monitoring"", ""urgent_followup""]",Immediate care manager call + provider alert,True,Intent: symptom escalation. Risk: high.
MSG_0095,I'm having chest pain that spreads to my left arm. Started about an hour ago.,symptom_escalation,urgent,"[""symptom_monitoring"", ""urgent_followup""]",Call 911 / direct to ED,True,Intent: symptom escalation. Risk: urgent.
MSG_0063,I've been short of breath when climbing stairs but it goes away when I rest.,symptom_escalation,medium,"[""symptom_monitoring"", ""urgent_followup""]",Care manager outreach within 4h,False,Intent: symptom escalation. Risk: medium.
MSG_0018,My doctor changed my blood pressure medication but I'm not sure I'm taking the right dose.,medication_question,medium,"[""medication_adherence""]",Care manager outreach within 24h,False,Intent: medication question. Risk: medium.
MSG_0090,I'm having chest pain that spreads to my left arm. Started about an hour ago.,symptom_escalation,urgent,"[""symptom_monitoring"", ""urgent_followup""]",Call 911 / direct to ED,True,Intent: symptom escalation. Risk: urgent.
MSG_0226,I haven't been taking care of myself at all. I don't really care what happens to me anymore.,crisis,high,"[""mental_health_referral"", ""safety_assessment""]",Same-day mental health referral,True,Intent: crisis. Risk: high.
MSG_0228,I haven't been taking care of myself at all. I don't really care what happens to me anymore.,crisis,high,"[""mental_health_referral"", ""safety_assessment""]",Same-day mental health referral,True,Intent: crisis. Risk: high.
MSG_0130,My eGFR was 68 — my doctor mentioned it but didn't explain what it means.,lab_results,low,"[""lab_followup"", ""care_coordination""]",Send results summary message,False,Intent: lab results. Risk: low.
MSG_0055,I have a slight cough that started when I began my new medication.,symptom_escalation,low,"[""symptom_monitoring"", ""urgent_followup""]",Schedule routine follow-up,False,Intent: symptom escalation. Risk: low.
MSG_0138,My thyroid levels are off according to my results but I haven't heard from my doctor.,lab_results,medium,"[""lab_followup"", ""care_coordination""]",Care manager review within 24h,False,Intent: lab results. Risk: medium.
MSG_0219,I feel like giving up on my medications. There's no point. Nothing is getting better.,crisis,high,"[""mental_health_referral"", ""safety_assessment""]",Same-day mental health referral,True,Intent: crisis. Risk: high.
MSG_0026,I've been skipping my insulin because I can't afford the copay. My sugars have been really high.,medication_question,high,"[""medication_adherence""]",Same-day care manager call,True,Intent: medication question. Risk: high.
MSG_0237,I've been having thoughts of suicide. My health problems are too much to handle.,crisis,urgent,"[""mental_health_referral"", ""safety_assessment""]",Crisis line + immediate provider alert,True,Intent: crisis. Risk: urgent.
MSG_0160,My glucose was 512 on my lab work and I feel terrible. No one has called me.,lab_results,urgent,"[""lab_followup"", ""care_coordination""]",Immediate clinical escalation,True,Intent: lab results. Risk: urgent.
MSG_0222,I haven't been taking care of myself at all. I don't really care what happens to me anymore.,crisis,high,"[""mental_health_referral"", ""safety_assessment""]",Same-day mental health referral,True,Intent: crisis. Risk: high.
MSG_0003,I forgot if I took my lisinopril today. Should I take it now?,medication_question,low,"[""medication_adherence""]",Send patient education message,False,Intent: medication question. Risk: low.
MSG_0019,I stopped taking my cholesterol medication because it was making my legs hurt. Should I restart?,medication_question,medium,"[""medication_adherence""]",Care manager outreach within 24h,False,Intent: medication question. Risk: medium.
MSG_0193,I've been out of my blood thinner for five days. The prior authorization was denied.,care_gap,high,"[""medication_gap"", ""preventive_care"", ""specialist_referral""]",Same-day care manager call,True,Intent: care gap. Risk: high.
MSG_0230,I've been having thoughts of suicide. My health problems are too much to handle.,crisis,urgent,"[""mental_health_referral"", ""safety_assessment""]",Crisis line + immediate provider alert,True,Intent: crisis. Risk: urgent.
MSG_0118,My doctor retired and I haven't been assigned a new one yet. I need a refill.,appointment_admin,medium,"[""appointment_scheduling""]",Care manager coordinates appointment,False,Intent: appointment admin. Risk: medium.
MSG_0077,My heart has been racing and I've been dizzy since yesterday afternoon.,symptom_escalation,high,"[""symptom_monitoring"", ""urgent_followup""]",Immediate care manager call + provider alert,True,Intent: symptom escalation. Risk: high.
MSG_0166,My glucose was 512 on my lab work and I feel terrible. No one has called me.,lab_results,urgent,"[""lab_followup"", ""care_coordination""]",Immediate clinical escalation,True,Intent: lab results. Risk: urgent.
MSG_0232,I don't want to be here anymore. I've been thinking about hurting myself.,crisis,urgent,"[""mental_health_referral"", ""safety_assessment""]",Crisis line + immediate provider alert,True,Intent: crisis. Risk: urgent.
MSG_0034,I've been feeling dizzy and I think it might be from my new medication. Should I stop taking it?,medication_question,high,"[""medication_adherence""]",Same-day care manager call,True,Intent: medication question. Risk: high.
MSG_0102,Is there a nurse line I can call after hours?,appointment_admin,low,"[""appointment_scheduling""]",Scheduling team handles,False,Intent: appointment admin. Risk: low.
MSG_0068,My blood sugar readings have been running higher than usual for the past few days.,symptom_escalation,medium,"[""symptom_monitoring"", ""urgent_followup""]",Care manager outreach within 4h,False,Intent: symptom escalation. Risk: medium.
MSG_0062,I've been short of breath when climbing stairs but it goes away when I rest.,symptom_escalation,medium,"[""symptom_monitoring"", ""urgent_followup""]",Care manager outreach within 4h,False,Intent: symptom escalation. Risk: medium.
MSG_0235,I don't want to be here anymore. I've been thinking about hurting myself.,crisis,urgent,"[""mental_health_referral"", ""safety_assessment""]",Crisis line + immediate provider alert,True,Intent: crisis. Risk: urgent.
MSG_0184,My pharmacy says my refill was denied and I'm almost out of my blood pressure medication.,care_gap,medium,"[""medication_gap"", ""preventive_care"", ""specialist_referral""]",Care manager outreach within 24h,False,Intent: care gap. Risk: medium.
MSG_0172,My doctor mentioned I should get a flu shot. Can the care team remind me?,care_gap,low,"[""medication_gap"", ""preventive_care"", ""specialist_referral""]",Add to care gap closure queue,False,Intent: care gap. Risk: low.
MSG_0053,My ankles have been slightly swollen this week. Is this normal with my medication?,symptom_escalation,low,"[""symptom_monitoring"", ""urgent_followup""]",Schedule routine follow-up,False,Intent: symptom escalation. Risk: low.
MSG_0067,I've had a headache every day this week and my blood pressure monitor shows high readings.,symptom_escalation,medium,"[""symptom_monitoring"", ""urgent_followup""]",Care manager outreach within 4h,False,Intent: symptom escalation. Risk: medium.
MSG_0081,I've had a severe headache for 24 hours and my blood pressure reading was 180/110.,symptom_escalation,high,"[""symptom_monitoring"", ""urgent_followup""]",Immediate care manager call + provider alert,True,Intent: symptom escalation. Risk: high.
MSG_0134,My thyroid levels are off according to my results but I haven't heard from my doctor.,lab_results,medium,"[""lab_followup"", ""care_coordination""]",Care manager review within 24h,False,Intent: lab results. Risk: medium.
MSG_0145,My lab results show my kidney function is worse. My eGFR dropped from 55 to 38.,lab_results,high,"[""lab_followup"", ""care_coordination""]",Same-day provider notification,True,Intent: lab results. Risk: high.
MSG_0150,My lab results show my kidney function is worse. My eGFR dropped from 55 to 38.,lab_results,high,"[""lab_followup"", ""care_coordination""]",Same-day provider notification,True,Intent: lab results. Risk: high.
MSG_0169,I haven't had an eye exam in two years. Is that something the program can help with?,care_gap,low,"[""medication_gap"", ""preventive_care"", ""specialist_referral""]",Add to care gap closure queue,False,Intent: care gap. Risk: low.
MSG_0108,Can I get a referral to a dietitian through the care program?,appointment_admin,low,"[""appointment_scheduling""]",Scheduling team handles,False,Intent: appointment admin. Risk: low.
